"","x"
"1","abietaniphila/alcaligenes/coleopterorum/rhizosphaerae"
"2","abietaniphila/donghuensis/graminis/putida/vranovensis"
"3","abikonense/lactosutens/naphthae/olei/soli/yanoikuyae"
"4","abscessus/aromaticivorans/gadium/neglectum/rhodesiae/tusciae"
"5","abyssalis/loihiensis/ramblicola"
"6","abyssi/bermudensis"
"7","accolens/fastidiosum/segmentosum"
"8","acetatigenes"
"9","aceti/sicerae"
"10","acetylicum/aestuarii/alkaliphilum/aquaticum/arabatum/aurantiacum/chiriqhucha/himgiriensis/homiense/marinum/mexicanum/panipatensis/pavilionensis/profundum"
"11","acetylicum/enclense/indicum"
"12","achromogenes/adustus/albidoflavus/alboniger/antibioticus/aurantiacus/aureus/avermitilis/bobili/bungoensis/caeruleatus/canadensis/canarius/canus/capoamus/cellostaticus/cellulosae/chartreusis/chrestomyceticus/cinnabarigriseus/cinnamonensis/ciscaucasicus/coralus/corchorusii/curacoi/cyaneus/cyslabdanicus/diastatochromogenes/fimbriatus/fulvoviolaceus/galbus/galilaeus/globifer/graminifolii/griseochromogenes/griseoruber/griseorubiginosus/griseus/hokutonensis/hygroscopicus/indigocolor/kagawaensis/lasaliensis/lincolnensis/longwoodensis/lucensis/minoensis/mirabilis/moderatus/natalensis/neopeptinius/novaecaesareae/olivaceoviridis/olivochromogenes/osmaniensis/panayensis/peruviensis/phaeoluteigriseus/plumbeus/plumbiresistens/pratensis/prunicolor/pseudovenezuelae/rameus/regalis/regensis/resistomycificus/rhizosphaerihabitans/rishiriensis/roseogriseus/rubiginosohelvolus/scabiei/seymenliensis/shaanxiensis/sioyaensis/spinichromogenes/sviceus/tumescens/venezuelae/violaceoruber/viridochromogenes/xylophagus/yokosukanensis"
"13","acidaminiphila"
"14","acidaminiphila/humi/maltophilia/pavanii"
"15","acidiceler/luciferensis/shandongensis/solisilvae"
"16","acidilactici/claussenii/pentosaceus"
"17","acidocaldarius/sendaiensis"
"18","acidophilus/casei/crispatus/helveticus/kitasatonis/plantarum"
"19","acidovorans/cf./lacustris/tsuruhatensis"
"20","acnes"
"21","acnes/avidum"
"22","acridae/caeni/marinus"
"23","acroporae"
"24","acroporae/halophilus/rhizosphaerae/salarius/socius/zeshunii"
"25","actiniarum"
"26","addita/hispanica/stellipolaris"
"27","adhaerens/flavimaris"
"28","adhaerens/jannaschiana"
"29","adhaerens/salsuginis"
"30","adhaesiva/ginsenosidimutans/yunnanensis"
"31","adiacens/para-adiacens"
"32","adolescentis/faecale/stercoris"
"33","adriatica"
"34","aegrifaciens/animicus/denitrificans/insolitus/pulmonis/ruhlandii/xylosoxidans"
"35","aemonae/alsense/angelicum/asiaticum/decipiens/haemophilum/interjectum/kyorinense/lacus/lepromatosis/malmoense/paraense/riyadhense/simulans/szulgai"
"36","aeria/dentocariosa"
"37","aerilata/chitinilytica/humilata/soli/terrae/xylanilytica"
"38","aerilata/kyonggiensis/niastensis/norwichensis/tieshanensis"
"39","aerius/speluncae"
"40","aerofaciens"
"41","aerofrigidensis/genomospecies"
"42","aerolata"
"43","aerolata/aurantiaca/faeni"
"44","aerolata/faeni"
"45","aerolata/rosea"
"46","aerolata/subterranea"
"47","aerolatum/chocolatum/foliorum/ginsengisoli/ginsengiterrae/hydrocarbonoxydans/lacticum/laevaniformans/maritypicum/mitrae/natoriense/oleivorans/oxydans/paraoxydans/phyllosphaerae/resistens/saperdae/testaceum/thalassium"
"48","aerolatus"
"49","aerolatus/halophilus/halotolerans"
"50","aerophilus/altitudinis/amyloliquefaciens/aryabhattai/atrophaeus/cereus/circulans/firmus/flexus/gibsonii/halotolerans/intestinalis/licheniformis/megaterium/murimartini/nakamurai/nematocida/oleronius/paralicheniformis/pumilus/safensis/siamensis/sonorensis/sporothermodurans/subtilis/tequilensis/thuringiensis/vallismortis/velezensis/virus"
"51","aerosaccus"
"52","aeruginosa/alcaligenes/alcaliphila/asplenii/chengduensis/composti/indoloxydans/jessenii/mendocina/nitroreducens/oleovorans/pseudoalcaligenes/sihuiensis/songnenensis/toyotomiensis/trautweinii"
"53","aeruginosa/baetica/cannabina/chlororaphis/fluorescens/fulva/granadensis/koreensis/kribbensis/moraviensis/putida/reinekei/teessidea/veronii"
"54","aeruginosa/composti/fluorescens/indoloxydans/mendocina/oleovorans/putida/stutzeri/taeanensis"
"55","aeruginosa/entomophila/fluorescens/fulva/guariconensis/knackmussii/monteilii/parafulva/plecoglossicida/putida/taiwanensis/viridilivida"
"56","aeruginosa/mendocina/putida/songnenensis/stutzeri/xanthomarina"
"57","aeruginosa/oleovorans/oryzihabitans/psychrotolerans"
"58","aestivus"
"59","aestivus/mexicanus"
"60","aestuarianus/alginolyticus/barjaei/ichthyoenteri/mediterranei/shiloi/shilonii"
"61","aestuarianus/fortis"
"62","aestuarii"
"63","aestuarii/albus"
"64","aestuarii/beibuensis/marinus"
"65","aestuariicola/cinnabarinus/hongkongensis"
"66","aetherivorans/agglutinans/electrodiphilus/hoagii/olei/phenolicus/rhodochrous/ruber/zopfii"
"67","afermentans/coyleae/fournieri/ihumii/mucifaciens/pilbarense/ureicelerivorans"
"68","aff."
"69","agaricidamnosum/lividum/svalbardensis"
"70","agaridevorans/amylolyticus/illinoisensis/mobilis/pabuli/taichungensis/tundrae/tylopili/xylanexedens/xylanilyticus"
"71","agarilytica"
"72","agarilyticus/arenaceous/celer"
"73","agarilyticus/celer/elongatus/maritimus/rhizosphaerae/taiwanensis/variabilis"
"74","agarilyticus/mangrovi"
"75","agarivorans/atlantica/espejiana/hodoensis/telluritireducens"
"76","agarivorans/montiporae"
"77","agglomerans/allii/ananatis/anthophila/conspicua/deleyi/stewartii/vagans"
"78","aggregans/barkeri"
"79","aggregata"
"80","aggregatus"
"81","aggregatus/colisei/litoris"
"82","aggregatus/massiliensis"
"83","agitata"
"84","agri"
"85","agri/alkalitolerans/brevitalea/consociata/haematophila/tieshanensis/varians"
"86","agri/alluvionis/borealis/ginsenosidimutans/kyonggii"
"87","agrosticola/auratus/cousiniae/elymi/flavus"
"88","aichiense/anyangense/aquiterrae/arabiense/bacteremicum/canariasense/conceptionense/cosmeticum/duvalii/gilvum/hippocampi/iranicum/jacuzzii/lacticola/litorale/mageritense/moriokaense/murale/neoaurum/peregrinum/tokaiense/wolinskyi"
"89","aidingensis/alkaliphilus/andaensis/blutaparonensis/dabanensis/faecis/halophilus/karajensis/kuroshimensis/litoralis/massiliensis/profundi/styriensis/trueperi/virgiliensis/yeomjeoni"
"90","aiptasiae"
"91","alaskensis"
"92","alba"
"93","alba/denitrificans"
"94","alba/marina"
"95","albensis/haemolyticus"
"96","albidiflava"
"97","albidoflavus/albogriseolus/albus/althioticus/atrovirens/capillispiralis/chartreusis/erythrogriseus/euryhalinus/fradiae/griseoflavus/griseoincarnatus/griseorubens/griseus/heliomycini/labedae/lateritius/lienomycini/longispororuber/malachitofuscus/marokkonensis/matensis/olivoverticillatus/piloviolofuscus/pseudogriseolus/rubrogriseus/spectabilis/stramineus/tendae/thermocarboxydus/thermoluteus/toyocaensis/tunisiensis/variabilis/vinaceus/viridodiastaticus/werraensis/xylophagus"
"98","albidum/ammoniigenes/citreum/flaccumfaciens/H-ED12/herbarum/luteum/MG-2011-13-CA/MG-2011-24-BE/MG-2011-27-AM/MG-2011-31-BS/MG-2011-34-BB/MG-2011-35-CO/MG-2011-52-BK/MG-2011-63-DB/MG-2011-8-BQ/oceanosedimentum/pusillum"
"99","albidus/ascidiaceicola/halocynthiae/meonggei/ponti"
"100","albigilva/nasdae/vesicularis"
"101","album/amethystogenes/brasiliense/canum/corydalis/fenghuangense/koreanum/kronopolitis/longisporum/minutum/oxazolinicum/roseum/rubrum/shengliense/sonchi/taraxaci/vulgare"
"102","albus/aridicollis/komagatae"
"103","albus/aryabhattai/bingmayongensis/flexus/ginsengisoli/horikoshii/huizhouensis/licheniformis/megaterium/meqaterium/oryzaecorticis/pumilus/qingshengii/simplex/subtilis/thuringiensis"
"104","albus/euphylliae"
"105","albus/scapharcae"
"106","alcaligenes"
"107","alcaligenes/alkylphenolica/cichorii/donghuensis/entomophila/filiscindens/flavescens/japonica/lundensis/multiaromavorans/plecoglossicida/putida/rhizosphaerae/vranovensis/wadenswilerensis"
"108","alcaligenes/oleovorans/resinovorans"
"109","alcaligenes/resinovorans"
"110","alcalophilus/aquimaris/haikouensis/vietnamensis"
"111","alexandrii"
"112","alexandrii/halophila/olei/phototrophica/siderophila"
"113","alfacsensis/alginolyticus/algoinfesta/antiquarius/atypicus/azureus/brasiliensis/campbellii/caribbeanicus/coralliilyticus/equitatus/galatheae/gallicus/harveyi/hepatarius/ichthyoenteri/natriegens/neptunius/owensii/parahaemolyticus/Parahaemolyticus/ponticus/rotiferianus/sagamiensis/scophthalmi/sinaloensis/tapetis/tubiashii/variabilis/xuii"
"114","algae/baltica/hafniensis/oneidensis/profunda/putrefaciens/xiamenensis"
"115","algeriense/americanum/arachidis/betae/cajani/canariense/centrosematis/daqingense/denitrificans/diazoefficiens/elkanii/embrapense/erythrophlei/ferriligni/group/guangxiense/huanghuaihaiense/icense/ingae/iriomotense/japonicum/jicamae/lablabi/liaoningense/lupini/mercantei/namibiense/neotropicale/ottawaense/pachyrhizi/paxllaeri/retamae/stylosanthis/tropiciagri/valentinum/viridifuturi/yuanmingense"
"116","algicola"
"117","algicola/amiense/limneticum/paulinellae/yanoikuyae"
"118","algicola/echinorum/palladensis/troitsensis"
"119","algicola/hydrocarbonoclasticus/koreensis/salarius"
"120","algicola/mariniflava/venerupis"
"121","alginatilyticum/aplysiae/jeanii/leiognathi"
"122","algiphila"
"123","alimentaria/kunjamensis/maris"
"124","alimentarium/conglomeratum/faecium/paraconglomeratum/sacelli/saurashtrense"
"125","alimentarius/alkaliphilus/malaysiensis/salarius"
"126","alimentarius/allis/aquaticus/faecalis/frigidicola/glacincola/luti/namhaensis"
"127","alimentarius/aquimaris/faecalis/glacincola/muriicola/namhaensis/nivimaris/oceani/pacificensis/piscatorii/piscidermidis/pocilloporae/proteolyticus"
"128","alkaliantarctica/alkaliphila/andesensis/aquamarina/axialensis/campaniensis/hydrothermalis/lionensis/lutescens/meridiana/variabilis/venusta/zhanjiangensis/zhaodongensis"
"129","alkaliphila"
"130","alkaliphilus/bacchus/hydrocarbonoclasticus/vinifirmus"
"131","alkaliphilus/collinsii/flocculiformis/ilyis/paludicola/palustris/pasteurii/patagoniensis"
"132","alkalitolerans/brevitalea/jejuensis/neuiana/niabensis/suwonensis/timonae/varians"
"133","alkanivorans"
"134","alkanovora/aloeverae/endophyticus/flavus/indicus/luteus/thailandicus/yunnanensis"
"135","alkylphenolica/argentinensis/benzenivorans/cremoricolorata/flavescens/fluorescens/fulva/hunanensis/monteilii/mosselii/oryzihabitans/parafulva/plecoglossicida/punonensis/putida/segetis/soli/straminea/taiwanensis"
"136","alkylphenolica/putida"
"137","allosaccharophila/aquatica/aquatilis/australiensis/bestiarum/bivalvium/cavernicola/caviae/crassostreae/dhakensis/diversa/encheleia/enterica/enteropelogenes/eucrenophila/finlandensis/hydrophila/intestinalis/jandaei/lacus/lusitana/media/molluscorum/piscicola/popoffii/rivipollensis/rivuli/salmonicida/sanarellii/sobria/taiwanensis/tecta/veronii"
"138","alluvii/chromiiresistens"
"139","alni/ammonioxydans/autotrophica/carboxydivorans/kongjuensis/nantongensis/nitrificans/tropica"
"140","alpinus"
"141","alpinus/cryoconiti/cupressi/halodurans/psychrochitiniphilus/psychrolactophilus/silviterrae/stackebrandtii"
"142","aminophilus/aminovorans/limosus"
"143","aminovorans/communis/denitrificans/huijuniae"
"144","ammoniilyticum/casei/sanguinis/siliguriense"
"145","amnii"
"146","amphilecti/latercula/rubra"
"147","amphilecti/litoralis/marina/pacifica"
"148","amycolatum/jeikeium/lactis/urealyticum/vitaeruminis"
"149","amygdali/avellanae/cannabina/cerasi/chlororaphis/congelans/coronafaciens/ficuserectae/fluorescens/koreensis/putida/savastanoi/syringae/tremae/viridiflava"
"150","amygdali/baetica/caricapapayae/caspiana/clemancea/fluorescens/graminis/granadensis/jessenii/koreensis/moraviensis/pavonaceae/putida/reinekei/savastanoi/syringae/tremae"
"151","amylolyticum/excrementi/imtechense/palamuruense"
"152","amylolyticus/ayderensis/beppuensis/bogrovensis/flavithermus/geothermalis/gonensis/kamchatkensis/kaynarcensis/kestanbolensis/mongoliensis/pushchinoensis/rupiensis/suryakundensis/tengchongensis/thermarum/tunisiense/voinovskiensis"
"153","amylovora/billingiae/pyrifoliae/toletana/typographi"
"154","anadarae/dokdonensis/mucosissima/olei/panaciterrae"
"155","anadarae/mathurensis/mucosissima/panaciterrae"
"156","anaerobius"
"157","andamanensis"
"158","anginosus/cristatus/mitis/oralis/pneumoniae/pseudopneumoniae/sanguinis"
"159","anginosus/infantis/mitis/oralis/pneumoniae/pseudopneumoniae/timonensis"
"160","anginosus/intermedius"
"161","anginosus/milleri/mitis/sanguinis/suis"
"162","anguilliseptica/oleovorans"
"163","angustae/siganidrum"
"164","anhuiense/faecium/kitahiroshimense"
"165","antarctica"
"166","antarctica/brenneri/chlororaphis/denitrificans/extremaustralis/fluorescens/gessardii/libanensis/marginalis/meridiana/palleroniana/panacis/poae/proteolytica/putida/rhodesiae/veronii"
"167","antarctica/cerasi/extremaustralis/fluorescens/libanensis/meridiana/salomonii/simiae/synxantha/veronii"
"168","antarcticum/antiquum/aurantiacum/linens"
"169","antarcticus"
"170","antarcticus/luteus"
"171","anthropi"
"172","anthropi/haifense"
"173","anthropi/koreense"
"174","antibioticus/gummosus"
"175","antillogorgiicola"
"176","antiviralis/baumannii/baylyi/calcoaceticus/soli/venetianus"
"177","aotearoense/calidifontis/thermosaccharolyticum"
"178","aoyamense/pumilum/saccharophilum"
"179","appendicis"
"180","aquae/panuliri/phosphoreum"
"181","aquaemixtae"
"182","aquaemixtae/daeponensis"
"183","aquatica"
"184","aquatica/baltica/fontislapidosi/seosinensis"
"185","aquatica/jiangduensis/margaretae"
"186","aquatica/lichenia/naganoensis/shinshuensis/soli/xyli"
"187","aquatica/puraquae/saccharophila"
"188","aquatica/serinivorans/testosteroni/thiooxydans"
"189","aquaticum/barrassiae/brisbanense/chlorophenolicum/chubuense/crocinum/dioxanotrophicus/elephantis/fortuitum/grossiae/moriokaense/pallens/poriferae/psychrotolerans/pulveris/rufum/sphagni"
"190","aquaticum/chlorophenolicum/frisingense/huttiense/robiniae/rubrisubalbicans/seropedicae"
"191","aquaticus"
"192","aquaticus/caeni"
"193","aquaticus/depolymerans/hohokamensis/knuensis/seoulensis"
"194","aquaticus/soli"
"195","aquatile"
"196","aquatilis"
"197","aquatilis/faecalis"
"198","aquatilis/melonis/taxi"
"199","aquidurense/fluvii/psychrolimnae"
"200","aquimarina/beolgyonensis/lutimaris"
"201","aquimarina/fidelis/kaireitica/marisflavi/pneumatophori/schlegeliana/waksmanii"
"202","aquimarina/macrocephali/ossibalaenae"
"203","aquimarina/methylohalidivorans"
"204","aquimarina/ruestringensis"
"205","aquimarinus"
"206","aquimaris"
"207","aquimaris/baltica/nanhaiensis"
"208","aquimixticola/arachoides"
"209","aquiplantarum"
"210","aquiradiocola"
"211","arabiensis/ganghwensis/lipolytica/mariniglutinosa/prydzensis/shioyasakiensis"
"212","arabiensis/ganghwensis/lipolytica/shioyasakiensis"
"213","arabinogalactanolyticum/esteraromaticum/oxydans"
"214","arachidis/canariense/iriomotense/japonicum/kavangense/liaoningense/subterraneum/vignae/yuanmingense"
"215","araneosa/marina"
"216","arborescens/flavescens/imperiale/paludicola/schleiferi"
"217","arboricola/axonopodis/bromi/campestris/cannabis/cassavae/citri/cucurbitae/cynarae/dyei/floridensis/fragariae/gardneri/hortorum/maliensis/nasturtii/oryzae/phaseoli/pisi/prunicola/theicola/vasicola/vesicatoria"
"218","arctica"
"219","arcticum/aureum/flavum/levicorallinum/luteum/psychrophilum/psychrotolerans/roopkundense"
"220","arcticum/faecium/ginsengisoli/paraconglomeratum/sacelli"
"221","arcticus/cryohalolentis/fozii/frigidicola/glacialis/glaciei/glacincola/luti/okhotskensis"
"222","arcueilense/boenickei/conceptionense/cosmeticum/farcinogenes/fluoranthenivorans/fortuitum/houstonense/lutetiense/neoaurum/neworleansense/parafortuitum/peregrinum/porcinum/senegalense/septicum/setense/smegmatis/syngnathidarum/vulneris"
"223","arenilitoris"
"224","arenilitoris/atlantica"
"225","arenilitoris/atlantica/conchae/lacuscaerulensis/profundi"
"226","areninigrae/coralliilyticus/harveyi/hispanicus/tubiashii"
"227","arfidensis/fonticaldi"
"228","arfidiae/endophytica/marina"
"229","argenteus/aureus/capitis/caprae/devriesei/epidermidis/equorum/haemolyticus/hominis/lugdunensis/pasteuri/petrasii/phage/saccharolyticus/saprophyticus/schweitzeri/simiae/warneri"
"230","argenteus/aureus/epidermidis"
"231","arilaitensis/halophytocola/mysorens/nicotianae/protophormiae/soli/uratoxydans"
"232","arizonensis/takedensis"
"233","arlettae/aureus/cohnii/edaphicus/equorum/gallinarum/haemolyticus/nepalensis/saccharolyticus/saprophyticus/succinus/xylosus"
"234","arlettae/cohnii/gallinarum/kloosii/saprophyticus"
"235","aromaticivorans"
"236","aromaticivorans/stygium"
"237","aromaticivorans/subterraneum"
"238","aromaticus/indolicum"
"239","arsenatis/rhizophila/salsicia"
"240","arsenicoxydans/avellanae/baetica/brassicacearum/clemancea/ficuserectae/fluorescens/frederiksbergensis/graminis/gregormendelii/helmanticensis/jessenii/kilonensis/lini/mandelii/migulae/monteilii/moorei/prosekii/putida/reinekei/salomonii/silesiensis/umsongensis/vancouverensis/yamanorum"
"241","arsenicoxydans/avellanae/borealis/brassicacearum/brenneri/chlororaphis/collierea/ficuserectae/fluorescens/frederiksbergensis/gessardii/libanensis/lini/mandelii/migulae/panacis/proteolytica/putida/syringae/thivervalensis/tolaasii/veronii/yamanorum"
"242","arsenicoxydans/baetica/borealis/brassicacearum/brenneri/chlororaphis/corrugata/denitrificans/ficuserectae/fluorescens/frederiksbergensis/gessardii/granadensis/grimontii/helmanticensis/kilonensis/koreensis/lini/mandelii/mediterranea/migulae/moraviensis/putida/reinekei/rhodesiae/salomonii/syringae/thivervalensis/tolaasii/veronii"
"243","arsenicoxydans/contaminans/glaciei/saxobsidens"
"244","artabrorum/atlanticus/celticus/chagasii/crassostreae/cyclitrophicus/gallaecicus/gigantis/harveyi/kanaloae/lentus/pomeroyi/splendidus/tasmaniensis/toranzoniae"
"245","artemidis"
"246","arthrosphaerae/assamensis/chocolatum/enclense/hominis/hydrothermale/lemovicicum/paraoxydans/proteolyticum/schleiferi/testaceum/trichothecenolyticum/zeae"
"247","arthrosphaerae/gleum"
"248","asaccharolyticus/harei"
"249","ascendens/lovaniensis/oryzifermentans/pasteurianus/pomorum"
"250","ascidiaceicola"
"251","asiaticum/gordonae/paragordonae"
"252","assamensis/palustris"
"253","astaxanthinifaciens"
"254","atlantae"
"255","atlantica"
"256","atlantica/donghaensis/ganghwensis/gelatinilytica/lipolytica/mariniglutinosa/porphyrae/profundi/tetraodonis"
"257","atlantica/johnsonii"
"258","atlanticus"
"259","atrinae"
"260","atrinae/carniphila/gwangalliensis/marina"
"261","atypica/dispar"
"262","atypica/parvula"
"263","atypicus/harveyi/tubiashii"
"264","aubagnense"
"265","aurantiaca"
"266","aurantiacum"
"267","aurantiacum/chocolatum/flavescens/insulae/invictum/kitamiense/pumilum/saccharophilum/schleiferi"
"268","aurantiacus"
"269","aurantiibacter"
"270","aurea/brevitalea/cf./eurypsychrophila/glaciei/timonae/violaceinigra"
"271","aurea/oculi"
"272","aurescens/ilicis/nicotinovorans/nitroguajacolicus/ureafaciens"
"273","aureum/celere/epidermidis/iodinum/linens/oceani/permense/picturae/sandarakinum/sanguinis/sediminis/siliguriense"
"274","aureus"
"275","aureus/capitis/warneri"
"276","aureus/caprae/epidermidis"
"277","aureus/epidermidis"
"278","aureus/lentus/lugdunensis/saccharolyticus/sciuri/vitulinus"
"279","aureus/lugdunensis"
"280","auricularis"
"281","auricularis/azotoformans/brenneri/canadensis/cedrina/cf./costantinii/extremorientalis/fluorescens/gessardii/grimontii/lactis/libanensis/lurida/mandelii/marginalis/paralactis/poae/proteolytica/putida/reactans/salomonii/simiae/syncyanea/synxantha/tolaasii/trivialis"
"282","aurimucosum/jeikeium/propinquum/pseudodiphtheriticum"
"283","aurimucosum/minutissimum"
"284","aurimucosum/pseudogenitalium/tuberculostearicum"
"285","aurimucosum/simulans/striatum"
"286","auris/mycetoides"
"287","aurum/austroafricanum/hodleri/rhodesiae/vaccae/vanbaalenii"
"288","aurum/bacteremicum/diernhoferi/fluoranthenivorans/frederiksbergense/gilvum/hackensackense/rhodesiae/sacrum/sediminis"
"289","australiborealis/epipactidis/nectarea"
"290","australica"
"291","australica/macleodii/mediterranea"
"292","australica/oceani"
"293","australica/povalilytica/profundimaris"
"294","australica/riparia/ureilytica"
"295","australis/mitis/oralis/parasanguinis/pneumoniae/rubneri/sanguinis"
"296","australis/sanguinis"
"297","autotrophicus"
"298","avicenniae/indalinina/konosiri/marisflavi"
"299","avium/casseliflavus/devriesei/durans/faecium/gilvus/hawaiiensis/hermanniensis/hirae/malodoratus/pallens/pseudoavium/raffinosus/viikkiensis/xiangfangensis"
"300","azikeevi/casseliflavus/durans/faecalis/faecium/hirae/lactis/malodoratus/mundtii/pernyi/raffinosus/ratti/thailandicus/villorum"
"301","b145/b163/citreum/flaccumfaciens/herbarum/oceanosedimentum/pusillum"
"302","bacteriolytica"
"303","bacteriovorus"
"304","bacterium"
"305","bacterium/rakeshii"
"306","baetica/brassicacearum/chlororaphis/corrugata/fluorescens/jessenii/kilonensis/koreensis/lutea/migulae/mohnii/moorei/prosekii/putida/rhodesiae/synxantha/umsongensis/vancouverensis"
"307","baikonurensis/boritolerans/degradans/erythropolis/globerulus/hoagii/opacus/qingshengii/rhodochrous"
"308","balearica/stutzeri"
"309","balenae"
"310","balneolensis"
"311","baltica"
"312","baltica/bicestrii/decolorationis/putrefaciens/seohaensis/xiamenensis"
"313","baltica/electrodiphila/japonica/olleyana/pacifica"
"314","baltica/europaea"
"315","baltica/fontislapidosi"
"316","balustinum/indoltheticum/piscicola/scophthalmum"
"317","balustinum/piscium"
"318","barathri/profundi"
"319","barbarensis"
"320","barchaimii/fluoreni"
"321","barchaimii/panipatense/resinovorum"
"322","barkeri/foliorum/hydrocarbonoxydans/liquefaciens/maritypicum/oxydans/phyllosphaerae/saperdae/shrimpcida/testaceum"
"323","basaltis/inventionis/oneidensis"
"324","basilensis/necator/numazuensis/respiraculi"
"325","bataviensis/benzoevorans/circulans/licheniformis/nealsonii/simplex/subtilis"
"326","baumannii/baylyi/indicus/lwoffii/radioresistens"
"327","baumannii/beijerinckii/bereziniae/calcoaceticus/courvalinii/guillouiae/gyllenbergii/haemolyticus/indicus/johnsonii/junii/lwoffii/modestus/parvus/plantarum/proteolyticus/tandoii/vivianii/wuhouensis"
"328","baumannii/beijerinckii/calcoaceticus/dispersus/gyllenbergii/haemolyticus/junii/oryzae/parvus/tandoii/tjernbergiae"
"329","baumannii/bereziniae/guillouiae/junii"
"330","baumannii/bouvetii/haemolyticus/johnsonii/junii/lwoffii/oleivorans/oryzae/schindleri"
"331","baumannii/calcoaceticus/indicus/junii/lactucae/nosocomialis/oleivorans/pittii/rhizosphaerae/seifertii"
"332","baumannii/calcoaceticus/nosocomialis/seifertii"
"333","baumannii/junii/seohaensis/soli/towneri/venetianus"
"334","baumannii/radioresistens"
"335","baumannii/septicus/ursingii"
"336","bauzanensis"
"337","beijerinckii/haemolyticus/junii/venetianus"
"338","beimenensis/koreensis/organivorans/salina"
"339","beolgyonensis"
"340","bergerei/nicotianae/protophormiae/soli"
"341","beringensis/coreaensis/koreensis/korlensis"
"342","bicirculans"
"343","biformata"
"344","binotii/chocolatum/hominis/kyungheense/proteolyticum/testaceum"
"345","binotii/neimengense"
"346","bivalvicida"
"347","bivalviorum"
"348","blandensis"
"349","boliviensis/hamiltonii/hydrothermalis/johnsoniae/meridiana/nigrificans/stevensii/venusta"
"350","boonkerdii"
"351","boronicumulans/ginsengisoli"
"352","boronicumulans/ginsengisoli/paradoxus"
"353","boronitolerans/fusiformis/macroides/odysseyi/pakistanensis/sphaericus/xylanilyticus"
"354","bouillonii/producens"
"355","bouvetii/haemolyticus/johnsonii/lwoffii"
"356","bovis"
"357","bowmanii"
"358","branchiicola"
"359","brasilensis"
"360","brasiliensis/marina/soli/taihuensis/terrae"
"361","brassicae"
"362","breoganii/comitans/ezurae/furnissii/gallicus/halioticoli/inusitatus/neonatus/penaeicida/rarus/superstes"
"363","brevis"
"364","brevis/delicatus"
"365","brevis/donghicola/japonica/marinus/mediterraneus"
"366","brevivitae"
"367","bromii"
"368","bronchialis"
"369","broomeae"
"370","bryozoorum/excellens/flavimaris/goseongensis/gudaonensis/guineae/lipolyticus/subterrani"
"371","buccalis"
"372","buckleii/hassiacum"
"373","buctensis"
"374","bullata/diminuta/terrae"
"375","caccae/crotali/durans/faecium/haemoperoxidus/moraviensis/phoeniculicola/plantarum/quebecensis/rotai/silesiacus/termitis/thailandicus/ureasiticus/ureilyticus"
"376","caeni"
"377","caeni/canadense/multivorum/siyangense"
"378","caeni/fontiphilus"
"379","caesariensis"
"380","calcoaceticus/indicus/radioresistens/refrigeratoris/variabilis"
"381","caldarium"
"382","caldifontis"
"383","callunae"
"384","campbellii/parahaemolyticus"
"385","canadensis/israelensis/marismortui/salexigens"
"386","canifelinum/nucleatum"
"387","canintestini/canis/dispar/durans/faecalis/faecium/olivae/rivorum/saigonensis"
"388","canis/caseolyticus/equipercicus/lamae"
"389","canis/catarrhalis"
"390","canis/dysgalactiae/pyogenes"
"391","capitis"
"392","caprae"
"393","capsici/cf./insidiosus/michiganensis/nebraskensis/sepedonicus/tessellarius"
"394","capsulatum/pokkalii/rhizosphaerae"
"395","carboxidivorans/drakei/scatologenes"
"396","caribbeanicus"
"397","caricis/festucae/rathayi/tanaceti/tritici"
"398","carnipullorum/lactis/shigense"
"399","carnosum"
"400","carnosum/citreum/garlicum/gelidum/holzapfelii/lactis/mesenteroides"
"401","carrageenovora/chazhmella/distincta/elyakovii/espejiana/haloplanktis/issachenkonii/paragorgicola/prydzensis/tetraodonis/undina"
"402","catoniae"
"403","cavernae/exalbidus/fulvus/ganghwensis/hwasunensis/maritimus/oleivorans"
"404","cecorum"
"405","celer"
"406","celer/indica"
"407","cellulasensis/halosaccharovorans/licheniformis/niabensis"
"408","cellulitidis/mizutaii/paucimobilis"
"409","cellulosilytica"
"410","celticus"
"411","cerastii/cercidiphylli/fascians/kyotonensis/sovatensis/yunnanensis"
"412","cerina/desiderata"
"413","cerinus/frateurii/japonicus/oxydans"
"414","cerinus/frateurii/oxydans"
"415","cervicalis"
"416","cervicis/hedensis"
"417","cf./epilithica"
"418","chejuensis"
"419","chelatiphaga/indicatrix/lactitubi/maltophilia/rhizophila"
"420","chibensis/chlora/straminea/succinea"
"421","chilensis/italica/macrogoltabida"
"422","chinensis"
"423","chinensis/tibetensis"
"424","chishuiensis/koreensis"
"425","chlororaphis/deceptionensis/endophytica/fluorescens/fragi/helleri/psychrophila/putida/syringae/taiwanensis/weihenstephanensis"
"426","chokoriensis/floridensis/lacustris/lupini/lycii/maoerensis/matsumotoense/noduli/parva/phytophila/purpureochromogenes/saelicesensis/taraxaci/vinacea/wenchangensis"
"427","christensenii"
"428","chungangensis"
"429","chungangensis/garvieae/laudensis/raffinolactis"
"430","cibaria/confusa/koreensis/minor"
"431","cibaria/viridescens"
"432","cichorii/floridensis/marginalis/putida/syringae/viridiflava/vranovensis"
"433","cinerea/meningitidis/subflava"
"434","cinnamea/timorensis"
"435","circulans/dakarensis"
"436","citrea"
"437","citrea/elyakovii/flavipulchra/maricaloris/peptidolytica/piscicida/rubra/viridis"
"438","citreum/mesenteroides/pseudomesenteroides/suionicum"
"439","citreus"
"440","citreus/flavus/pelagi"
"441","citreus/gandavensis/koreensis/luteolus"
"442","citreus/jenensis"
"443","citreus/piscidermidis"
"444","cladoniae/multivorum/siyangense"
"445","cladophorae"
"446","cohaerens"
"447","cohnii/equorum/haemolyticus/lugdunensis"
"448","colymbi/donghaensis/neustonensis/tepidarius"
"449","communis/ostreistagni"
"450","composti/daeguensis"
"451","composti/fuscovaginae/guguanensis/knackmussii/mendocina/nitroreducens/oleovorans/sihuiensis"
"452","conchae"
"453","concisus"
"454","confluentis/halotolerans"
"455","confusa/paramesenteroides"
"456","confusum"
"457","consociata/niastensis"
"458","contaminans"
"459","cookii/kuopiense/paraterrae/savoniae"
"460","coralicida/litoralis/manganoxydans"
"461","coralii"
"462","coralli"
"463","corallii"
"464","coralliilyticus/hangzhouensis/harveyi/maritimus/ponticus/variabilis"
"465","corporis"
"466","corticicola/rishiriensis"
"467","corynebacterioides/enclensis/kroppenstedtii/trifolii"
"468","costelytrae/melolonthae/pyronotae"
"469","costicola/sharmensis"
"470","coyleae/mucifaciens"
"471","cremea"
"472","crescentus/vibrioides"
"473","crispatus/gasseri/helveticus/hominis/iatae/johnsonii/kefiranofaciens/paragasseri/prophage/taiwanensis"
"474","cristatus/gordonii/mitis/sanguinis"
"475","cristatus/sanguinis"
"476","cristatus/sinensis"
"477","cryoconiti/glacialis/naphthalenivorans"
"478","cryoconitis/duraquae/quisquiliarum"
"479","cryptomonadis/lacus/roseacus"
"480","cryptus"
"481","cubana/thermalis"
"482","cumminsii"
"483","cupida/denitrificans/ventosae"
"484","curtisii/holmesii"
"485","cystodytense/epialgicus"
"486","cytisi/ganzhouense/guangdongense/japonicum/manausense"
"487","daejeonensis/taklimakanensis"
"488","damuponensis"
"489","daqus"
"490","debilis"
"491","deceptionensis"
"492","deceptionensis/fragi/psychrophila/syringae/versuta"
"493","dechangensis/flava/rosea/salina/sediminis/turfanensis"
"494","defectiva"
"495","delafieldii/temperans"
"496","delbrueckii"
"497","denitrificans"
"498","dentalis/orihominis"
"499","denticariosi/parvula"
"500","denticola"
"501","dentocariosa"
"502","desiccabilis"
"503","detusculanense/insidiosa/mannitolilytica/pickettii/solanacearum/syzygii"
"504","diaminobutyricum/endophyticum/halimionae/hatanonis/lacus/oxydans/sediminicola/terricola"
"505","didemni/hongkongensis/lacunae/terrae"
"506","diernhoferi/frederiksbergense"
"507","diffluens"
"508","digitatis/friuliensis"
"509","diminuta"
"510","diminuta/naejangsanensis/vancanneytii"
"511","diphtheriae/vitaeruminis"
"512","discipulorum/universalis"
"513","disiens"
"514","dispar/parvula"
"515","divergens/maltaromaticum"
"516","diversum/neglectum/vescum"
"517","doebereinerae/lipoferum"
"518","dokdonensis"
"519","dokdonensis/litoralis/stanieri"
"520","donghaensis"
"521","dorei"
"522","dorei/fragilis"
"523","dorotheae"
"524","drentensis/firmus/infantis/oceanisediminis/thuringiensis"
"525","dubius"
"526","durum"
"527","eburnea"
"528","eburneus"
"529","echini/epialgicus/gwangyangensis"
"530","echinoides/oligophenolica/rhizogenes/sanxanigenens"
"531","efficiens"
"532","efficiens/glutamicum"
"533","elegans"
"534","elongatus/marinus/okinawensis/salipaludis"
"535","endophytica"
"536","endophytica/soli"
"537","endophyticus"
"538","endophyticus/hankookensis"
"539","endophyticus/mangrovi/radiotolerans/rhizosphaerae"
"540","eneae/massiliensis/thiooxidans/vestrisii"
"541","enshiensis"
"542","entomophila/marcescens/nematodiphila/ureilytica"
"543","epidermidis"
"544","epidermidis/warneri"
"545","esteraromaticum"
"546","eucrina"
"547","euphylliae"
"548","europaea"
"549","europaeus/urinae"
"550","eurytherma"
"551","exalbidus/ganghwensis/oleivorans"
"552","extremaustralis/fluorescens/fulva/gessardii/grimontii/libanensis/marginalis/mucidolens/panacis/poae/rhodesiae/salomonii/synxantha/trivialis/veronii"
"553","faecalis"
"554","faecalis/oryzae/palustris/pentothenatexigens/thermotolerans"
"555","faecalis/pulmonis"
"556","faecimaris"
"557","faecis"
"558","faeni/limnetica/muralis"
"559","fenneropenaei"
"560","fermentans"
"561","ferruginea"
"562","ficus"
"563","fidelis/japonica/pneumatophori/sairae/schlegeliana"
"564","finisterrensis/fischeri/logei/salmonicida/sifiae/thorii/wodanis"
"565","fischeri"
"566","flava"
"567","flava/lactamica/macacae/meningitidis/mucosa/perflava/sicca"
"568","flava/meningitidis/mucosa/pharyngis/sicca"
"569","flavescens"
"570","flavescens/lactamica/meningitidis/mucosa/perflava/sicca/subflava"
"571","flavescens/perflava"
"572","flavigena"
"573","flavimaris"
"574","flavithermus"
"575","flavus/luteus"
"576","flavus/parietis/subterraneus/tecti/tumbae"
"577","fleurettii/lentus/sciuri"
"578","flocculans"
"579","fluminis"
"580","fluorescens/fragi/lundensis/psychrophila"
"581","fluorescens/fulva/hunanensis/kuykendallii/oryzihabitans/putida"
"582","fluvialis"
"583","fluvialis/furnissii/parahaemolyticus/tubiashii/vulnificus"
"584","fontiphilum"
"585","fornicalis/jensenii"
"586","fortis"
"587","fortis/nigripulchritudo"
"588","freiburgense/provencense/terpenotabidum/variabile"
"589","freneyi/xerosis"
"590","frigidaeris"
"591","frigidaquae"
"592","frigidimaris/pectinovorum/piscis/xueshanense"
"593","fritschii"
"594","futtsuensis"
"595","gaetbulicola/rosenbergii"
"596","galaxeae"
"597","galii/phyllosphaerae/pseudogalii"
"598","gallaecicus"
"599","gallaeciensis/inhibens"
"600","gallinarum/maltaromaticum"
"601","ganghwensis"
"602","ganghwensis/lipolytica"
"603","ganghwensis/zeicaulis"
"604","gangjinensis"
"605","garvieae/lactis/taiwanensis"
"606","gaviniae"
"607","gelatinilyticus"
"608","gelatiniphagus/marinus"
"609","gelidum/inhae/miyukkimchii"
"610","gellanilyticum"
"611","geminatus"
"612","genitalium"
"613","geojedonensis"
"614","geojense"
"615","geothermalis"
"616","gerencseriae"
"617","gibsonii/huakuii/senegalensis/zopfii"
"618","gilardii"
"619","gilardii/massiliae/mucosa/terpenica"
"620","gingivalis"
"621","ginkgonis/halodurans"
"622","ginsengisoli"
"623","ginsengisoli/halocynthiae/kwangyangensis/marinum"
"624","ginsengisoli/humi/panaciterrae"
"625","ginsengisoli/neptuniae/portucalensis"
"626","ginsenosidimutans/soli"
"627","glacialis/psychrolutea"
"628","glacieisoli"
"629","gleum/indologenes/jejuense"
"630","glucuronolyticum"
"631","glyciniphilum/variabile"
"632","glycolicus/mayombei/othiniensis"
"633","goheungense"
"634","gossypii/guangxiensis/paradoxus"
"635","gottingense/hadale/imitans"
"636","gracile/indicum/purpuratum"
"637","gracilis"
"638","gracilis/lanceolatus"
"639","gracilis/macleodii/marina"
"640","graevenitzii"
"641","granulatum"
"642","granulomatis/oxytoca/pneumoniae/variicola"
"643","granulosa"
"644","granulosum"
"645","grossensis"
"646","guangxiensis"
"647","gummosus/paludis"
"648","gwangyangensis"
"649","hadrus"
"650","haematophila"
"651","haematophila/varians"
"652","haemolysans/morbillorum/parahaemolysans/sanguinis/taiwanensis"
"653","haemolyticus"
"654","haemolyticus/influenzae"
"655","haemolyticus/influenzae/quentini"
"656","haemolyticus/pettenkoferi"
"657","haifense"
"658","halifaxensis/marinintestina/pealeana/pneumatophori/sairae"
"659","halioticida"
"660","haliotis"
"661","haliotis/sagamensis"
"662","haliotis/viridans"
"663","haloalkalitolerans"
"664","halodurans"
"665","halophila/salina/smyrnensis"
"666","halophilum/luteum"
"667","halophilus"
"668","halophilus/halotolerans/luteus/tarijensis"
"669","halotolerans"
"670","halotolerans/nanhaiensis/saudimassiliensis"
"671","hankookensis/panni"
"672","harbinensis/lwoffii"
"673","harei"
"674","haywardense/intermedium/pituitosum/rhizosphaerae/thiophenivorans"
"675","henricii/rhizosphaerae"
"676","himachalensis/polaris/rosea/sediminis"
"677","hirschii/thermoluteolus"
"678","hispanicum"
"679","histicola"
"680","holothuriorum"
"681","homiensis/kamogawaensis/zeaxanthinifaciens"
"682","hominis"
"683","hongkongensis"
"684","hontreensis"
"685","horti/rhamnosum"
"686","huakuii/loti"
"687","huakuii/punense/tunisiense"
"688","humatus/iriomotensis/neolithicus"
"689","humi/mobilis/xinjiangensis"
"690","humicireducens/lipoferum/melinis/oryzae/zeae"
"691","hydrocarbonoclasticus"
"692","hydrocarbonoclasticus/oulmenensis/persicus"
"693","hydrogenophilus/psychrotolerans"
"694","hydrophobicum/japonicum/xenophagum"
"695","ignava"
"696","ignavus"
"697","ilealis"
"698","ilealis/timonensis"
"699","immobile/koreense"
"700","impatiens"
"701","indica/japonensis/mexicana"
"702","indica/marina/rhizophila"
"703","indicus/parjimensis/virginensis"
"704","indolifex"
"705","iners"
"706","infantis"
"707","infantis/mitis/oralis"
"708","influenzae/parainfluenzae"
"709","insidiosa/pickettii/solanacearum/syzygii"
"710","insubricum/phlei/tuberculosis"
"711","insulae"
"712","insulae/kyungheensis/melonis"
"713","insulae/melonis/taxi"
"714","intermedia"
"715","intermedia/mediterranea/nasdae"
"716","intermedius"
"717","intestinalis"
"718","intracellularis"
"719","invictum/lacus/murale/phyllosphaerae/profundi/saperdae/shaanxiense"
"720","invisus"
"721","iocasae/marina"
"722","iranica/stutzeri/xanthomarina"
"723","irregularis"
"724","ishigakensis"
"725","ishigakiensis"
"726","isopodorum"
"727","isoporae/marina"
"728","jacobaea/sputi"
"729","jadensis"
"730","japonensis/mexicana"
"731","japonica"
"732","japonica/spongicola"
"733","japonicus"
"734","jeanii"
"735","jeddahense"
"736","jeikeium"
"737","jejudonensis"
"738","jejuense"
"739","jejuensis"
"740","jejuensis/litorisediminis/wandonensis"
"741","jiangsuensis"
"742","jiangsuensis/suwonensis"
"743","jicamae"
"744","joergensenii"
"745","junii/soli/towneri"
"746","kaohsiungensis/koreensis/suwonensis"
"747","kaplicensis"
"748","kaustophilus/lituanicus/stearothermophilus"
"749","kielensis/marina"
"750","koreensis"
"751","koreensis/novella"
"752","koreensis/sediminis/testosteroni"
"753","kriegii"
"754","kristinae/rosea"
"755","kroppenstedtii"
"756","kyeonggiensis/leidyi"
"757","kyonanensis"
"758","kyonggiense/mizutaii"
"759","lacrimalis"
"760","lacticum"
"761","lactis"
"762","lacus"
"763","lacusekhoensis"
"764","laeviglucosivorans"
"765","languida"
"766","lathyri/massiliensis/vaviloviae"
"767","leadbetteri"
"768","lekithochrous"
"769","lenta"
"770","licerasiae"
"771","limi"
"772","limicola/sinopsychrotolerans"
"773","lipolytica/litoralis"
"774","lipolyticum"
"775","lipophiloflavum"
"776","litopenaei"
"777","litoralis"
"778","litorea"
"779","litorea/marina"
"780","litoreum"
"781","litoreum/salexigens"
"782","litoris"
"783","loihiensis/piscisalsi/seosinensis/zobellii"
"784","longiquaesitum"
"785","longus"
"786","longus/nanhaisediminis/vulgaris"
"787","lotononidis"
"788","loyana"
"789","lubricantis"
"790","lucentensis/permensis/xiamenensis"
"791","lucidum"
"792","ludipueritiae"
"793","luojiensis"
"794","lutea"
"795","lutea/luteola/zeshuii"
"796","luteolum"
"797","luteolus"
"798","luteoviolacea"
"799","luteus"
"800","lutimaris"
"801","lwoffii"
"802","lylae"
"803","macginleyi"
"804","macleodii/marina"
"805","macleodii/marina/simiduii"
"806","macleodii/mediterranea"
"807","macrogoltabida/terrae"
"808","madracius/mediterranei/thalassae"
"809","magna"
"810","majae/spongiae"
"811","maltophilia"
"812","maltophilia/pavanii"
"813","maltophilia/rhizophila"
"814","manganoxydans"
"815","marginalis"
"816","marina"
"817","marincola"
"818","marincola/maritimus/psychrophilus/submarinus"
"819","mariniglutinosa"
"820","marinisediminis/spirochaetisodalis"
"821","marinum"
"822","marinus"
"823","marinus/tropicus"
"824","marinus/versicolor"
"825","maris"
"826","marisflavi"
"827","marisgermanicae"
"828","marisrubri"
"829","maritima"
"830","massiliensis"
"831","massiliensis/missouriensis"
"832","matruchotii"
"833","mediterranea"
"834","mediterranea/naeslundii/oris"
"835","mediterraneus"
"836","melaninogenica"
"837","melaninogenica/scopos"
"838","meningitidis"
"839","meningoseptica"
"840","meningoseptica/miricola/occulta/ursingii"
"841","meonggei"
"842","mesenteroides/pseudomesenteroides"
"843","mesophilum"
"844","mesophilus"
"845","metalli"
"846","metallidurans"
"847","metallidurans/pauculus/taiwanensis"
"848","michiganensis"
"849","micraerophilus/microaerophilus"
"850","micronuciformis"
"851","mikhailovii"
"852","minutissimum/singulare"
"853","mirabilis"
"854","mishustinae"
"855","mitskevichiae"
"856","mobile/scottomollicae"
"857","mobilis"
"858","mobilis/xestospongiae"
"859","moorei"
"860","morbirosei"
"861","mucilaginosa"
"862","mucosa/pharyngis"
"863","multivorans"
"864","muris"
"865","mutanolyticus/yeei"
"866","mutans"
"867","NA"
"868","naeslundii/oris/viscosus"
"869","nagyae"
"870","namnetense"
"871","nanceiensis"
"872","nanhaiticus"
"873","naphthalenivorans/stellipolaris"
"874","nasoniae/symbiont"
"875","natatoria/ursincola"
"876","naviforme/nucleatum"
"877","nesterenkovii"
"878","neustonica"
"879","niabensis"
"880","niastensis"
"881","nigrescens"
"882","nishinomiyaensis"
"883","nitratireducenticrescens"
"884","nonamiensis"
"885","norimbergensis/pnomenusa"
"886","normanense"
"887","norvegicus"
"888","novella"
"889","nucleatum"
"890","nutrimenti"
"891","obeum"
"892","obuense"
"893","oceani"
"894","ochracea"
"895","octavius"
"896","odishensis"
"897","odontolyticus"
"898","oleivorans"
"899","oligocarboniphilum"
"900","omphalii"
"901","orale/saburreum"
"902","oralis"
"903","orientalis"
"904","oris"
"905","oryzae"
"906","oryzae/pseudosacchari/sacchari"
"907","oryzihabitans/putida/reidholzensis"
"908","ostreicida/salilacus"
"909","otitidis"
"910","otitis"
"911","ovata/widdelii"
"912","pacaensis"
"913","pacifica"
"914","pacificum"
"915","palaticanis"
"916","palladensis"
"917","pallens"
"918","palythoae"
"919","panuliri/ponticus/zhuhaiensis"
"920","paradoxus"
"921","paraffinivorans"
"922","parahaemolyticus"
"923","parainfluenzae"
"924","parvula"
"925","parvula/rogosae/tobetsuensis"
"926","parvulum"
"927","parvum"
"928","pasteri"
"929","pasteurii/phenylpyruvicus"
"930","paucivorans/sphaeroides"
"931","pectinilyticus"
"932","pelagia"
"933","pelagicum"
"934","pelagius/pontilimi/salinus"
"935","penicillata"
"936","periodonticum"
"937","permensis/profundimaris"
"938","pertucinogena"
"939","phenolica"
"940","philomiragia"
"941","phyci"
"942","phyllosphaerae/zoogloeoides"
"943","phytolaccae"
"944","picis"
"945","pigrum"
"946","piratica/spongiae"
"947","piscium/plantarum"
"948","pityocampae"
"949","plymuthica"
"950","pneumoniae/pseudopneumoniae"
"951","polyisoprenivorans"
"952","porcinum/thermacidophilum/thermophilum"
"953","poriferorum"
"954","porphyrae"
"955","portivictoriae"
"956","posidonica"
"957","pratensis"
"958","prausnitzii"
"959","prevotii/tetradius"
"960","profundi"
"961","propionicifaciens"
"962","provencensis"
"963","psychrerythraea"
"964","ptyseos"
"965","pyoseonensis"
"966","pyruviciproducens"
"967","radiodurans"
"968","radiodurans/wulumuqiensis"
"969","radiopugnans/swuensis"
"970","radiotolerans"
"971","ravenspurgense"
"972","rectus/showae"
"973","rhinitidis"
"974","rhizophila/salsicia"
"975","rhizosphaerae"
"976","riegelii"
"977","rosea"
"978","rosenbergii"
"979","rubidus"
"980","rubra"
"981","rubriscoriae"
"982","rumoiensis"
"983","ruthenica"
"984","sabulilitoris/zeaxanthinifaciens"
"985","saburreum"
"986","saccharivorans"
"987","saccharophila"
"988","saemankumensis"
"989","saemankumensis/vermicola"
"990","sagamiensis"
"991","salarius"
"992","salina"
"993","salinaria"
"994","salivarius/thermophilus"
"995","salmoneum"
"996","sanctipauli"
"997","sanguinicancri"
"998","sanguinis"
"999","schleiferi"
"1000","schroeteri"
"1001","scotoductus"
"1002","sedentarius"
"1003","sedimentorum"
"1004","sediminicola"
"1005","sediminis"
"1006","sediminis/tegetincola"
"1007","segnis/vibrioides"
"1008","senegalensis"
"1009","seriniphilus"
"1010","shahii"
"1011","shinshuensis"
"1012","similis"
"1013","sinaloensis"
"1014","sinus"
"1015","skagerrakense"
"1016","soesokkakensis"
"1017","soli"
"1018","splanchnicus"
"1019","spongiae"
"1020","spongicola"
"1021","sputi"
"1022","sputigena"
"1023","sputorum"
"1024","stellulata"
"1025","stomatis"
"1026","stygius"
"1027","stylophorae"
"1028","subterminale/sulfidigenes/thiosulfatireducens"
"1029","subvibrioides"
"1030","succinicivorans"
"1031","sucicola"
"1032","sundsvallense/thomssenii"
"1033","surugensis"
"1034","suwonense"
"1035","suwonensis"
"1036","szechwanensis"
"1037","taeanensis"
"1038","taejonensis"
"1039","taibaiensis"
"1040","taichungense"
"1041","taiwanensis"
"1042","taklimakanense"
"1043","tangerina"
"1044","temperata"
"1045","temperatus"
"1046","tenuis"
"1047","terrae"
"1048","terrigena"
"1049","testarum"
"1050","thermophilum"
"1051","thermophilus"
"1052","thermosphacta"
"1053","tibetensis"
"1054","timonensis"
"1055","todarodis"
"1056","tolerans"
"1057","tsuruhatensis"
"1058","tuscaniense"
"1059","ulvae"
"1060","ummariensis"
"1061","uniformis"
"1062","ureilytica"
"1063","ureilyticum"
"1064","ureolyticus"
"1065","urinaeequi/viridans"
"1066","urinapleomorphum"
"1067","urinimassiliense"
"1068","urinimassiliensis"
"1069","utsteinense"
"1070","vaginae"
"1071","vaginalis"
"1072","venustensis"
"1073","veroralis"
"1074","vietnamensis"
"1075","vinacea"
"1076","viridans"
"1077","vulgaris"
"1078","wadei"
"1079","wadsworthensis"
"1080","wolffii"
"1081","woodyi"
"1082","xinjiangensis"
"1083","yaeyamensis"
"1084","yanoikuyae"
"1085","yanshanensis"
"1086","yunnanensis"
"1087","zantedeschiae"
